id,site,job_url,job_url_direct,title,company,location,date_posted,job_type,salary_source,interval,min_amount,max_amount,currency,is_remote,job_level,job_function,listing_type,emails,description,company_industry,company_url,company_logo,company_url_direct,company_addresses,company_num_employees,company_revenue,company_description
in-e9ccd5b7660fa5ac,indeed,https://fr.indeed.com/viewjob?jk=e9ccd5b7660fa5ac,https://taleez.com/apply/charge-d-etudes-et-d-operations-chef-de-projet-habitat-prive-h-f-versailles-soliha-yvelines-essonne-cdi-1/15555?utm_source=Indeed,Chargé d'études et d'opérations - Chef de Projet Habitat privé (H/F),Soliha Yvelines Essonne,"Versailles, A8, FR",2025-02-21,fulltime,,,,,,False,,,,,"Association pour l’amélioration de l’habitat privé à occupation sociale dans les Yvelines et dans l’Essonne, SOLIHA YVELINES ESSONNE met l’humain au cœur de son projet social et de ses actions quotidiennes. Son équipe pluridisciplinaire d’une soixantaine de salariés (architectes, travailleurs sociaux, conseillères habitat, ergothérapeutes, chargé d'opérations, gestionnaires locatifs) accompagne chaque année plus de 10000 particuliers dans leurs projets de travaux d’amélioration, d’adaptation au handicap et au vieillissement ou d’accompagnement de ménages vers différentes solutions\\-logement. Elle est également un acteur de l’intermédiation locative.

**Description du poste**
------------------------


Le Service **Projets de territoire** en charge de l’étude et de la mise en œuvre des politiques publiques d’intervention sur l’habitat privé pour le compte des collectivités territoriales, recrute dans le cadre du développement de son activité :

**Un chargé d’études et d’opérations – Chef de Projet habitat privé (H/F)**


Rattaché(e) au responsable de service, il(elle) travaillera en collaboration avec les chefs de projet et les autres membres de l'équipe: travailleurs sociaux, conseillers habitat, architectes, experts gestion de copropriété, etc.

**MISSIONS**


Elles visent à accompagner les particuliers, les copropriétés et les collectivités dans l’amélioration de l’habitat privé, la lutte contre l’habitat indigne, le traitement de la vacance, le redressement de copropriétés en difficulté, etc. Ces missions, très diversifiées, consistent à :


Participer à l’animation des dispositifs opérationnels d’amélioration de l’habitat et de redressement des copropriétés, impliquant un contact régulier avec les particuliers, les copropriétés, les professionnels et les collectivités

* Participation à la définition et au suivi des objectifs et du planning opérationnel en lien avec les syndics, conseils syndicaux et maîtres d'œuvre ;
* Mise en œuvre et animation d'actions de sensibilisation individuelles et collectives à destination des instances de gestion et des copropriétaires, et tenue de formations généralistes ;
* Accompagnement des copropriétés dans la mise en œuvre et le financement des travaux de réhabilitation
* Evaluation et suivi des ménages en impayés de charges ;
* Tenue de permanences de proximité ; Participation à des assemblées générales de copropriété ;
* Montage des dossiers de demande de financement (subventions, prêts, etc.) jusqu'à la mise en paiement des aides.


Assurer la gestion et le suivi des missions

* Gestion de projets
* Reporting régulier auprès du Responsable de Service ;
* Rédaction de tableaux de bords, bilans, notes de synthèse et support de présentation ;
* Participation à des réunions avec les partenaires, rédaction des ordres du jour et compte\\-rendu


Contribuer aux études pré\\-opérationnelles (OPAH, Plan de Sauvegarde, PIG) : diagnostics multicritères et enquêtes sociales et patrimoniales auprès des ménages

**Profil recherché**
--------------------

**PROFIL**  

Titulaire d’un bac \\+ 5 (urbanisme, aménagement, sciences sociales et politiques, gestion des territoires). Une expérience préalable dans le domaine de l’habitat privé est requise.

**QUALITES REQUISES**


Qualités rédactionnelles et de restitution orale


Esprit d’analyse et de synthèse


Bon relationnel avec compétences d’animation, de médiation et capacité d’adaptation à des interlocuteurs divers (institutionnels, professionnels, particuliers)


Aptitude et appétence pour le travail en équipe et au fonctionnement en mode projet


Autonomie d’organisation et aptitude à la prise de recul


Forte sensibilité pour les problématiques sociales et environnementales liées à l’habitat


Horaire : 39h/semaine


Rémunération selon expérience sur 13 mois. Formations, Tickets restaurants, mutuelle prise en charge à hauteur de 50 %, *\\+ Télétravail possible 2j/semaine \\+ Plan de formation*


Le poste est à pourvoir rapidement et est basé à Versailles. Véhicule personnel indispensable (remboursement sous forme d’indemnités kilométriques). Des déplacements sont à prévoir dans les Yvelines et dans l’Essonne


Si vous cherchez à donner du sens à vos missions, alors rejoignez\\-nous !",,https://fr.indeed.com/cmp/Soliha-Yvelines-Essonne,,,,,,
in-8d2b8773b15b9ea0,indeed,https://fr.indeed.com/viewjob?jk=8d2b8773b15b9ea0,https://taleez.com/apply/assistant-chef-de-projet-traitement-des-dechets-h-f-orly-alphadoz-cdi-9?utm_source=Indeed,Assistant chef de projet - Traitement des déchets - H/F,ALPHADOZ,"Orly, A8, FR",2025-02-21,fulltime,,,,,,False,,,,,"Le Groupe ALPHADOZ® a vu le jour en avril 2011, suite au succès rencontré par la société d’ingénierie AQUATRIX® créée en 2008 et spécialisée dans le domaine de l’environnement.  

Constitué dans une optique de diversification et de complémentarité des compétences, le Groupe ALPHADOZ® répond à un besoin de services en matière d’énergie et de nouvelles technologies, identifié auprès de nombreux clients. Il apporte une structure valorisante à ses consultants opérationnels, qui leur permet de s'épanouir en exerçant librement leur métier en soutien de nos clients.  

**Le groupe ALPHADOZ® se positionne comme un partenaire de confiance pour assurer toutes les prestations d’assistance technique liées à l’énergie, au BTP, à l’industrie ainsi qu’à l’environnement.**  

Nous accompagnons nos clients dans chaque étape de leurs projets en France comme à l’étranger. Nous intervenons dans les différentes phases d’exécution de leurs projets.  

  

Nos Ingénieurs chargés d’affaires dédiés sont à l’écoute de vos besoins. Au travers des services support du Groupe ALPHADOZ, nous proposons des solutions d’assistance technique \\& ingénierie en adéquation avec vos projets.

**Description du poste**
------------------------


Afin de compléter nos équipes dans le traitement des déchets, nous recherchons :
  

**Un Assistant Chef de projet** \\- H/F
  

  

Domaine d'activité : Incinération (traitement des déchets)
  

Localisation : IDF
  

  

* *\\> L'ingénieur projet junior OU l'assistant chef de projet intervient sur la fin de construction et début du commissioning.*

  

Les missions :
  

Assister le chef de projet et le responsable d'exploitation
  

Assister aux réunions de chantier
  

Elaboration planning sur la fin du chantier
  

Superviser le chiffrage des travaux supplémentaires.  

Assurer le suivi des levées de réserves, notamment sur le terrain, ainsi que la gestion des pièces de rechange et des commandes associées.  

Suivi des sous traitants
  

Constituer le dossier administratif de l'usine
**Profil recherché**
--------------------


Vous êtes titulaires d'un diplôme d'ingénieur avec au minimum 1 an d'expérience dans le domaine de l'environnement.
  

La connaissance du secteur du traitement des déchets (incinération) est un atout.
  

  

Maîtrise du logiciel MS PROJECT et PACK OFFICE recommandée.",,https://fr.indeed.com/cmp/Alphadoz,https://d2q79iu7y748jz.cloudfront.net/s/_squarelogo/256x256/1ee6505e8d689b0146c2b58d41769310,,,,,
in-d0e5feabb9eaa3c0,indeed,https://fr.indeed.com/viewjob?jk=d0e5feabb9eaa3c0,https://emagine.fr/consultants/freelance-jobs/204352/project-manager-it-responsable-applicatif-h-f?id=166179,Project manager IT // Responsable applicatif (h/f),Emagine Consulting,"Paris, A8, FR",2025-02-21,,,,,,,False,,,,hrmo@emagine.org,"emagine is looking for a IT Project Manager for one of its key account.


Duration: \\>12 Months


Location : Paris


Telework : 2 days per week


Start : Around March 10th

**Introduction and Summary**
============================


We are looking for an experienced IT Project Manager to oversee finance\\-related projects within It department team. The ideal candidate will have a strong understanding of accounting processes and experience providing end\\-user support. This role involves managing various project phases, ensuring timely delivery, budget adherence, and effective scope management.


**Main Objectives**
-------------------

* Manage and direct finance IT projects through all phases of the project lifecycle.
* Plan, organize, and ensure completion of projects within budget and on schedule.
* Collaborate with cross\\-functional teams to resolve production issues and enhance user experience.
* Develop technical and functional specifications for project deliverables.
* Provide weekly project updates to management and coordinate with team members across platforms.

**Key Requirements**
--------------------

* Strong project management skills with hands\\-on experience.
* Functional and technical expertise in finance applications (e.g., accounting, invoicing).
* Good understanding of IT fundamentals, including SQL.
* Proficient in both French and English (professional level).
* Excellent verbal and written communication skills for collaboration with various stakeholders.
* Experience in business analysis related to finance applications.
* Skill in translating business needs into technical requirements for development teams.

**Other Details**
-----------------

* Autonomous and agile work style.
* Strong leadership and presentation skills.
* Excellent organizational and time management capabilities.
* Proficient analytical and problem\\-solving skills.
* Creative thinker with a focus on detail and vision.


Interested ? Feel free to contact me at 0677716508


  
Helder Morgado
Partner Manager


hrmo@emagine.org
\\+33 1 81 93 90 94",,https://fr.indeed.com/cmp/Emagine-Consulting,https://d2q79iu7y748jz.cloudfront.net/s/_squarelogo/256x256/7ff7fc9c66fdfdd5d7cd0bbcd5283bb9,https://www.emagine.co.uk/home.html,"emagine Consulting Limited
6th Floor
33 Gracechurch Street
London EC3V 0BT",,,"emagine supports our clients​ with their business challenges by providing consulting and implementation expertise, both onshore and offshore"
in-8c42f08806675320,indeed,https://fr.indeed.com/viewjob?jk=8c42f08806675320,https://www.eolas.fr/offreEmploi/744000043940681/55-offres-d-emploi.htm,Alternance - Chef de projet web - Paris - F/H,Eolas groupe Business & Decision,"Paris, A8, FR",2025-02-21,,,,,,,False,,,,,"Contrat : **Alternance**
Domaine d'expertise : **Application**
Localité : **Paris**  


**Qui sommes\\-nous ?**
----------------------


Eolas, créée en 1991 à Grenoble, est depuis octobre 2022 une direction d'Orange Business Services SA.
  

  

Durant toutes ces années nous nous sommes développés tout en conservant ce qui nous différencie : être un acteur important du web français, apporter une exigence technique dans nos projets, favoriser la convergence de nos solutions… Le tout depuis notre agence historique du centre\\-ville de Grenoble, mais aussi à Paris, Lyon, Toulouse et Bordeaux.
  

  

Aujourd’hui, nous accompagnons nos clients du secteur privé ou public grâce à nos différentes compétences et solutions : l’hébergement et l’infogérance, la conception et le développement web et le webmarketing, unitairement ou pour des projets complets.
  

**Votre mission**
-----------------


Ce poste de chef(fe) de projet web évolue au sein de notre équipe parisienne. Rattachée au périmètre des Solutions digitales et fort de 80 personnes, cette équipe est au cœur de la stratégie de développement de l’entreprise.


Vous assistez le chef de projet sur les phases de conseil, conception et réalisation d'applications web internet et intranet pour des clients principalement dans le secteur public mais aussi du secteur privé. En charge du suivi stratégique et opérationnel, vous êtes l’interlocuteur/trice privilégié(e) du client et vous coordonnez des équipes projets ainsi que de partenaires externes. Vos missions seront :

* Animer la relation client,
* Être garant(e) dans les différentes étapes de conception, développement, tests, recette, déploiement et exploitation.
* Gérer l'avancement des travaux réalisés et être responsable des livrables,
* Piloter la coordination des équipes internes,
* Être garant(e) des plannings.


Des déplacements ponctuels chez les clients sont à prévoir.


**Votre profil**
----------------


Vous suivez une formation Bac\\+4/5\\.

* Vous êtes orienté(e) conseil et doté(e) d’un sens aigüe du service et force de proposition, vous avez le goût pour le challenge et le travail en équipe.
* Doté(e) de très bonnes qualités rédactionnelles et relationnelles vous savez convaincre vos interlocuteurs et résoudre des situations complexes,
* Vous êtes organisé(e) et rigoureux/se dans le suivi des projets et des livrables.
* Vous êtes reconnu(e) pour votre curiosité, votre écoute du client et votre passion du digital.

**Les avantages Eolas**
-----------------------


### **Jours de Repos (JR)**


En complément des Congés Payés, vous disposez de 10 jours de repos minimum par an.
### **Compte épargne temps (CET)**


Alimenté par vos jours de repos, congés payés...
### **Mutuelle familiale**


Prise en charge de 60% de la cotisation mensuelle.
### **Tickets Restaurant**


Vous bénéficiez de la carte Edenred sur laquelle sont crédités en un seul versement mensuel l'équivalent de 9,15€ par jour travaillé.
### **Comité Social et Economique**


Chèques vacances, chèques emploi service, billetterie, locations et voyages, assistance juridique ou encore cadeaux de Noël, ce n'est qu'une partie de ce que vous concocte la super équipe du CSE.
### **Télétravail**


Travailler hors des locaux d'Eolas de façon régulière ou occasionnelle, c'est possible ! Vous pouvez ainsi travailler depuis chez vous 3 jours maximum par semaine, dans la mesure où cela est compatible avec les contraintes de votre poste.
### **Avantages grand groupe**


Prise en charge de 50% de l’abonnement de transport public ou Forfait Mobilités Durables.  

Intéressement et participation.  

Mobilité interne",Computers And Electronics,https://fr.indeed.com/cmp/Eolas-Groupe-Business-&-Decision,https://d2q79iu7y748jz.cloudfront.net/s/_squarelogo/256x256/1f8666869feb34157e5acde0a10e021a,https://www.eolas.fr/,"29 rue Servan - 38000 GRENOBLE
153 rue de Courcelles - 75017 PARIS",51 to 200,$5M to $25M (USD),
in-3205ae6242f8d51c,indeed,https://fr.indeed.com/viewjob?jk=3205ae6242f8d51c,http://fr.indeed.com/job/cheffe-de-projet-workday-3205ae6242f8d51c,Chef.fe de projet Workday,ATLANSE,"Rueil-Malmaison, A8, FR",2025-02-21,fulltime,,,,,,True,,,,,"Chez ATLANSE, nous construisons l’avenir avec nos clients Grands Comptes en offrant des infrastructures résilientes, des productions applicatives fiables, et une expérience utilisateur toujours améliorée. Pour cela, nous nous appuyons sur notre capital humain : des consultants confirmés et experts, reconnus pour leurs compétences techniques et leurs méthodologies éprouvées.

Vous interviendrez en tant que chef.fe de projet dans le déploiement d’un ERP sur la partie régalienne finance, gestion, pilotage financier, trésorerie avec des développements possibles sur les modules RH et achat.

**Votre rôle**

**Pilotage et gouvernance du projet** 

* Animer et diriger l'ensemble des réunions avec l'éditeur, l'intégrateur et les parties prenantes internes
* Organiser et structurer la comitologie interne (comité projet, comité de pilotage)
* Mettre en place une gouvernance claire et efficace pour assurer la coordination des acteurs
* Assurer le respect des jalons et coordonner les équipes internes

**Accompagnement au changement** 

* Identifier les risques et anticiper les dérapages
* Communiquer régulièrement sur l’avancement du projet et les éventuels ajustements
* Préparer les utilisateurs à la transition et les accompagner dans la prise en main du nouvel ERP

**Votre profil**

***Compétences techniques :***

Vous avez une bonne connaissance des ERP et de leur mise en place, une expérience avec Workday est un plus ainsi que la connaissance du module d’intégration finance. Vous possédez des compétences en gestion des données (data management) et en API management.

Vous maîtrisez les outils collaboratifs tels que Sharepoint.

***Qualités personnelles*** ***:*** 

Vous savez structurer un projet en l'absence de processus ou de méthodologie formelle. Vous faites preuve d’une grande rigueur et d’une forte capacité d’organisation et d’adaptation.

Vous avez un excellent relationnel et êtes capable de mobiliser et challenger les équipes.

\\_\\_\\_\\_\\_\\_\\_\\_\\_\\_\\_\\_\\_\\_\\_\\_\\_\\_

Type de contrat : CDI ou portage ATLANSE Solutions

Niveau d’expérience : 7 ans minimum

Secteur : Energies renouvelables

Localisation : Ile de France

\\_\\_\\_\\_\\_\\_\\_\\_\\_\\_\\_\\_\\_\\_\\_\\_\\_\\_\\_\\_

**Pourquoi nous rejoindre ?**

Rejoindre ATLANSE, c’est participer à une merveilleuse aventure dans une société à taille humaine, dynamique et en pleine croissance.

ATLANSE réunit des passionnés de nouvelles technologies qui partagent les mêmes valeurs que sont la diversité, le respect, la curiosité, la confiance, la passion et l’engagement.

ATLANSE favorise l’autonomie et la responsabilisation des collaborateurs pour créer les conditions nécessaires à l’expression du potentiel humain.

Type d'emploi : Temps plein, CDI  
Statut : Cadre

Rémunération : 55 000,00€ à 60 000,00€ par mois

Avantages :

* Prise en charge du transport quotidien
* RTT
* Travail à domicile occasionnel

Lieu du poste : Télétravail hybride (92500 Rueil\\-Malmaison)",,https://fr.indeed.com/cmp/Atlanse-4,,,,,,
